name,player_id
"Eovaldi, Nathan",543135
"Velasquez, Vince",592826
"Lester, Jon",452657
"Eickhoff, Jerad",595191
"Cecil, Brett",446399
"Wilson, Justin",458677
"Wood, Alex",622072
"Jansen, Kenley",445276
"Weaver, Jered",450308
"Maurer, Brandon",543506
"Gray, Sonny",543243
"García, Jason",592329
"Miller, Shelby",571946
"Nelson, Jimmy",519076
"Rogers, Esmil",469134
"Cedeño, Xavier",458584
"Rzepczynski, Marc",519240
"Krol, Ian",571871
"Parnell, Bobby",458730
"Fien, Casey",502272
"Webb, Daniel",543900
"Miller, Andrew",453192
"Shreve, Chasen",592741
"Despaigne, Odrisamer",628333
"Leake, Mike",502190
"Phelps, David",475479
"Odorizzi, Jake",543606
"Gray, Jon",592351
"deGrom, Jacob",594798
"Nolin, Sean",543594
"Ramos, AJ",573109
"Norris, Bud",502032
"Rusin, Chris",543734
"Vogelsong, Ryan",285064
"Gallardo, Yovani",451596
"Arrieta, Jake",453562
"Medlen, Kris",450665
"Pérez, Martín",527048
"Boyer, Blaine",430641
"Sampson, Keyvius",572102
"Hudson, Tim",218596
"DeSclafani, Anthony",543101
"Stroman, Marcus",573186
"Harris, Will",501789
"Dunn, Mike",445197
"Sabathia, CC",282332
"Goforth, David",592341
"Buchanan, David",571527
"Rodney, Fernando",407845
"Webb, Ryan",444436
"Hudson, Daniel",543339
"Verrett, Logan",548337
"Farquhar, Danny",543144
"Iwakuma, Hisashi",547874
"Romo, Sergio",489265
"Flande, Yohan",456071
"Kennedy, Ian",453178
"Robles, Hansel",570663
"Wilhelmsen, Tom",452666
"Guaipe, Mayckol",515052
"Ray, Robbie",592662
"Blanton, Joe",430599
"Lynn, Lance",458681
"Scribner, Evan",519267
"Peña, Ariel",516414
"Brach, Brad",542960
"Norris, Daniel",596057
"Harang, Aaron",421685
"Santana, Ervin",429722
"Clippard, Tyler",461325
"Andriese, Matt",542882
"Anderson, Chase",502624
"Kazmir, Scott",431148
"Gregerson, Luke",502381
"Jungmann, Taylor",543380
"Vázquez, Felipe",553878
"Street, Huston",434718
"Archer, Chris",502042
"Montgomery, Mike",543557
"Foltynewicz, Mike",592314
"Putnam, Zach",474029
"Mujica, Edward",465629
"Holland, Greg",518813
"Petricka, Jake",502593
"Wilson, Tyler",592869
"Aardsma, David",430911
"Axford, John",446099
"Feliz, Neftalí",491703
"Hembree, Heath",592390
"Bumgarner, Madison",518516
"Locke, Jeff",502046
"Godley, Zack",643327
"Bassitt, Chris",605135
"Lyons, Tyler",544928
"Bass, Anthony",542914
"Ramos, Cesár",459987
"Hagadone, Nick",444935
"Fernández, José",150403
"Duffey, Tyler",608648
"Nicolino, Justin",592593
"Matusz, Brian",451085
"Smith, Joe",122457
"Scheppers, Tanner",489294
"Otero, Dan",519096
"Bettis, Chad",518452
"Holland, Derek",502706
"Fister, Doug",450729
"Chamberlain, Joba",501955
"Gausman, Kevin",592332
"Hawkins, LaTroy",115629
"Latos, Mat",502009
"Harris, Mitch",518771
"Samardzija, Jeff",502188
"Buchholz, Clay",453329
"Roe, Chaz",475054
"De La Rosa, Rubby",523989
"Conley, Adam",543045
"Smith, Carson",605476
"Verlander, Justin",434378
"Lobstein, Kyle",543456
"Mitchell, Bryan",571951
"VerHagen, Drew",572403
"Hale, David",571735
"Masset, Nick",434665
"Carpenter, David",502304
"Feldman, Scott",444857
"Chafin, Andrew",605177
"Cole, Gerrit",543037
"Milone, Tommy",543548
"Garza, Matt",490063
"Keuchel, Dallas",572971
"Sale, Chris",519242
"Quackenbush, Kevin",534812
"Treinen, Blake",595014
"Thatcher, Joe",491159
"Cueto, Johnny",456501
"Tropeano, Nick",607374
"Hughes, Jared",453172
"Patton, Spencer",607359
"Gilmartin, Sean",543219
"Hughes, Phil",461833
"Blazek, Michael",518468
"Asher, Alec",594742
"Zimmermann, Jordan",519455
"Jiménez, Ubaldo",434622
"Fiers, Mike",571666
"Santiago, Héctor",502327
"Romero, Enny",544836
"Graveman, Kendall",608665
"Nolasco, Ricky",445060
"Salas, Fernando",477569
"Duke, Zach",435043
"Price, David",456034
"Russell, James",460701
"Osuna, Roberto",532077
"Torres, Alex",456776
"Jackson, Edwin",429719
"Elías, Roenis",606273
"González, Severino",605894
"Cingrani, Tony",571561
"Harvey, Matt",518774
"Marquis, Jason",150302
"Cain, Matt",430912
"Papelbon, Jonathan",449097
"Leon, Arnold",504186
"Contreras, Carlos",542266
"Casilla, Santiago",433586
"Sipp, Tony",448609
"Petit, Yusmeiro",433589
"García, Jaime",448802
"Wright, Steven",453214
"Carrasco, Carlos",471911
"Belisle, Matt",279571
"Hinojosa, Dalier",648737
"Motte, Jason",435400
"Grimm, Justin",518748
"Ziegler, Brad",446899
"Kahnle, Tommy",592454
"Ramírez, Erasmo",541640
"Wisler, Matt",605538
"Mattheus, Ryan",458919
"Worley, Vance",474699
"Pressly, Ryan",519151
"O'Flaherty, Eric",447714
"Lorenzen, Michael",547179
"Butler, Eddie",572750
"Heston, Chris",518790
"Hammel, Jason",434628
"Syndergaard, Noah",592789
"Caminero, Arquimedes",491708
"Smith, Will",519293
"Robertson, David",502085
"McHugh, Collin",543521
"Loup, Aaron",571901
"Gonzalez, Gio",461829
"Davies, Zach",605200
"Diekman, Jake",518617
"Koehler, Tom",543408
"McGee, Jake",459429
"Britton, Zack",502154
"Moore, Matt",519043
"Marksberry, Matt",621408
"De Fratus, Justin",518603
"Thayer, Dale",445612
"Estrada, Marco",462136
"Francis, Jeff",433585
"Young, Chris",432934
"Osich, Josh",592612
"Rosscup, Zac",573127
"Hahn, Jesse",534910
"Matz, Steven",571927
"Kelly, Joe",116950
"Hendricks, Kyle",543294
"Gee, Dillon",518716
"Warren, Adam",476589
"Severino, Luis",622663
"Parra, Manny",448159
"Liz, Radhames",467785
"Albers, Matt",458006
"Bastardo, Antonio",455374
"Germen, Gonzalez",542674
"Rosenthal, Trevor",572096
"Choate, Randy",329092
"Affeldt, Jeremy",346793
"O'Sullivan, Sean",457711
"Farmer, Buck",571656
"Walker, Taijuan",592836
"Badenhop, Burke",488674
"Rondón, Héctor",444468
"Owens, Henry",596064
"Hernández, Félix",433587
"Morales, Franklin",462985
"Siegrist, Kevin",543779
"Gibson, Kyle",502043
"Broxton, Jonathan",455009
"Johnson, Jim",462382
"Morin, Mike",573046
"Cotts, Neal",425840
"Narveson, Chris",429780
"Ryan, Kyle",594986
"Scherzer, Max",453286
"McGowan, Dustin",430661
"Lamb, John",117429
"Avilán, Luis",501593
"Billingsley, Chad",451532
"Barrett, Aaron",502578
"Ross, Tyson",475115
"Colomé, Alex",517008
"Hendriks, Liam",521230
"Breslow, Craig",444520
"Brooks, Aaron",605156
"Jepsen, Kevin",448178
"Logan, Boone",457429
"Báez, Pedro",520980
"Chavez, Jesse",445926
"Morgan, Adam",605388
"Bedrosian, Cam",592135
"Kershaw, Clayton",477132
"May, Trevor",543507
"Miley, Wade",489119
"Chacín, Jhoulys",468504
"Anderson, Brett",474463
"Alburquerque, Al",456379
"Cunniff, Brandon",594792
"Tanaka, Masahiro",547888
"Pineda, Michael",501381
"Miller, Justin",502522
"Manship, Jeff",453249
"Storen, Drew",519322
"Stauffer, Tim",431162
"Vincent, Nick",543883
"García, Luis",408202
"Gomes, Brandon",460156
"Tepera, Ryan",572193
"González, Chi Chi",592346
"Strickland, Hunter",519326
"Capuano, Chris",425626
"Williams, Jerome",425532
"Wacha, Michael",608379
"Pérez, Williams",554234
"Mateo, Marcos",456496
"Jennings, Dan",543359
"Kimbrel, Craig",518886
"Masterson, Justin",475416
"Cravy, Tyler",572788
"Frías, Carlos",516910
"Ellington, Brian",623395
"Morrow, Brandon",453344
"Liriano, Francisco",434538
"Hellickson, Jeremy",476451
"Kelley, Shawn",518875
"Reed, Addison",592665
"Hunter, Tommy",488984
"Richards, Garrett",572070
"Iglesias, Raisel",628452
"Tolleson, Shawn",474521
"Wolf, Randy",150116
"Hatcher, Chris",501822
"Lincecum, Tim",453311
"Betances, Dellin",476454
"Villanueva, Carlos",453646
"Villarreal, Pedro",543881
"Peralta, Wily",503449
"Rodríguez, Francisco",408061
"Collmenter, Josh",518567
"Adams, Austin",613534
"Peavy, Jake",408241
"Rondón, Bruce",541652
"McAllister, Zach",502083
"Wood, Travis",475243
"Lohse, Kyle",346798
"Frasor, Jason",430630
"Quintana, Jose",500779
"Qualls, Chad",430589
"Hand, Brad",543272
"Shoemaker, Matt",533167
"Rea, Colin",607067
"Carroll, Scott",453222
"Burgos, Enrique",111709
"Delabar, Steve",447755
"Peralta, Joel",407908
"Matzek, Tyler",554431
"Lackey, John",407793
"Socolovich, Miguel",462515
"Webster, Allen",543903
"Vizcaíno, Arodys",527055
"Fields, Josh",435222
"Pelfrey, Mike",460059
"Brown, Brooks",453156
"Gómez, Jeanmar",491646
"Betancourt, Rafael",429783
"Paxton, James",572020
"Kluber, Corey",446372
"Perkins, Glen",450282
"Smyly, Drew",592767
"Richard, Clayton",453385
"Tazawa, Junichi",547749
"Delgado, Randall",517414
"Heaney, Andrew",571760
"Boxberger, Brad",502202
"Buehrle, Mark",279824
"Dyson, Sam",473879
"Freeman, Sam",518693
"Thornton, Matt",407819
"Strasburg, Stephen",544931
"Hernandez, David",456696
"Thompson, Aaron",457744
"Finnegan, Brandon",605232
"Watson, Tony",453265
"Geltz, Steve",544993
"Tillman, Chris",501957
"Detwiler, Ross",446321
"Salazar, Danny",517593
"Kela, Keone",605309
"Correia, Kevin",429781
"Gorzelanny, Tom",452733
"Wainwright, Adam",425794
"Nola, Aaron",605400
"Nuño, Vidal",573064
"Haren, Dan",429717
"Bergman, Christian",548357
"Chen, Wei-Yin",612672
"Gott, Trevor",641627
"Ventura, Yordano",570649
"Nova, Iván",467100
"Lowe, Mark",450275
"Liberatore, Adam",571893
"Friedrich, Christian",543184
"Guthrie, Jeremy",425386
"Oberholtzer, Brett",519085
"Familia, Jeurys",544727
"Chapman, Aroldis",547973
"Lyles, Jordan",543475
"Maness, Seth",595307
"Cahill, Trevor",502239
"Neris, Héctor",593576
"Janssen, Casey",445163
"Vargas, Jason",450306
"Lewis, Colby",407890
"Soria, Joakim",465657
"Hamels, Cole",430935
"Grilli, Jason",276351
"Shaw, Bryan",543766
"Uehara, Koji",493157
"Kendrick, Kyle",452718
"Wilson, Alex",543935
"Abad, Fernando",472551
"Duffy, Danny",518633
"Morton, Charlie",119424
"Machi, Jean",466948
"Sánchez, Aníbal",434671
"Hardy, Blaine",543278
"Strop, Pedro",467008
"Melancon, Mark",453343
"López, Javier",425657
"Madson, Ryan",425492
"Anderson, Cody",594736
"Sanchez, Aaron",592717
"Greene, Shane",572888
"Rodón, Carlos",607074
"De La Rosa, Jorge",407822
"Beimel, Joe",346847
"Bradley, Archie",605151
"Banuelos, Manny",544365
"Bolsinger, Mike",502211
"Neshek, Pat",450212
"Allen, Cody",592102
"Giles, Ken",571704
"Morris, Bryan",457768
"Benoit, Joaquín",276542
"Cashner, Andrew",488768
"Layne, Tommy",518927
"Stults, Eric",445590
"Ross, Joe",605452
"Cishek, Steve",518553
"Davis, Wade",451584
"Hill, Rich",448179
"Givens, Mychal",571710
"Weber, Ryan",543901
"McKirahan, Andrew",605374
"O'Day, Darren",503285
"Tomlin, Josh",458708
"Karns, Nate",501992
"Shields, James",448306
"Porcello, Rick",519144
"Venditte, Pat",519381
"Knebel, Corey",608349
"Marcum, Shaun",451788
"Rollins, David",543716
"Wada, Tsuyoshi",493159
"Schultz, Bo",544759
"Torres, Carlos",448614
"Pomeranz, Drew",519141
"Greinke, Zack",425844
"Johnson, Erik",116586
"Goeddel, Erik",592340
"Holmberg, David",571787
"Ureña, José",570632
"González, Miguel",544838
"Danks, John",433579
"Nicasio, Juan",504379
"Jeffress, Jeremy",502026
"Pinder, Branden",572038
"Hutchison, Drew",571800
"Cooney, Tim",608641
"Oberg, Scott",623184
"Roark, Tanner",543699
"Niese, Jonathon",477003
"Scahill, Rob",543746
"Thornburg, Tyler",592804
"Herrera, Kelvin",516969
"Bauer, Trevor",545333
"Hochevar, Luke",460024
"Ogando, Alexi",468396
"Frieri, Ernesto",457117
"García, Yimi",554340
"Kontos, George",502004
"Cosart, Jarred",543054
"Martin, Cody",592533
"Capps, Carter",605169
"Duensing, Brian",488846
"Corbin, Patrick",571578
"Barnes, Matt",598264
"Brault, Steven",643230
"Dull, Ryan",623430
"Biagini, Joe",607352
"Darvish, Yu",506433
"O'Rourke, Ryan",594951
"Kintzler, Brandon",445213
"Urías, Julio",628711
"Green, Chad",643338
"Triggs, Andrew",592811
"Floyd, Gavin",425856
"Clevinger, Mike",605182
"Estévez, Carlos",608032
"Giolito, Lucas",608337
"Solís, Sammy",519301
"Ramos, Edubray",591693
"Ynoa, Michael",573589
"Meyer, Alex",543542
"Coulombe, Danny",543056
"Ohlendorf, Ross",456027
"Feliz, Michael",593140
"Surkamp, Eric",474668
"Jones, Nate",518858
"Hoffman, Jeff",656546
"Ranaudo, Anthony",519168
"Shipley, Braden",640463
"Cotham, Caleb",571584
"Domínguez, José",523848
"Dayton, Grant",594795
"Cobb, Alex",502171
"Yates, Kirby",489446
"Ottavino, Adam",493603
"Murray, Colton",605396
"Moylan, Peter",493247
"Snell, Blake",605483
"Peacock, Brad",502748
"Cotton, Jharel",605194
"Withrow, Chris",519437
"Claudio, Alex",592222
"Bundy, Dylan",605164
"Cabrera, Mauricio",606291
"Smith, Chris",627262
"Guerra, Deolis",500610
"Swarzak, Anthony",461872
"Berríos, José",621244
"Suárez, Albert",544150
"Kelly, Casey",543391
"Weaver, Luke",596133
"Henderson, Jim",449104
"Law, Derek",571882
"Perdomo, Luis",606131
"Hessler, Keith",594857
"Taillon, Jameson",592791
"Wright, Daniel",642229
"Harrell, Lucas",449173
"Alcántara, Raúl",593417
"López, Reynaldo",625643
"Leone, Dominic",608678
"Dean, Pat",534737
"McCarthy, Brandon",435221
"Adleman, Tim",534947
"Maeda, Kenta",628317
"Buchter, Ryan",488748
"Anderson, Tyler",542881
"Wittgren, Nick",621295
"Ramírez, Neil",519166
"Straily, Dan",573185
"Gsellman, Robert",607229
"Wood, Blake",502028
"Chatwood, Tyler",543022
"Devenski, Chris",606965
"Eflin, Zach",621107
"Barnes, Jacob",606930
"Boshers, Buddy",542953
"Jenkins, Tyrell",592433
"Musgrove, Joe",605397
"Guerra, Junior",448855
"Mengden, Daniel",596043
"Goody, Nick",580792
"Kuhl, Chad",641771
"Skaggs, Tyler",572140
"Reyes, Alex",621052
"Escobar, Edwin",546276
"Beck, Chris",571476
"Barrett, Jake",545332
"Clemens, Paul",518560
"Bush, Matt",456713
"Rasmus, Cory",474284
"Eveland, Dana",445968
"Coleman, Louis",488786
"Bailey, Andrew",457732
"Ramírez, José",542432
"Neal, Zach",594943
"Flynn, Brian",543169
"Gant, John",607231
"Thompson, Jake",622097
"Garton, Ryan",623439
"Manaea, Sean",640455
"Miranda, Aríel",664641
"Stripling, Ross",548389
"Cervenka, Hunter",543017
"Gearrin, Cory",518715
"Díaz, Edwin",621242
"Rogers, Taylor",573124
"Wang, Chien-Ming",425426
"Blair, Aaron",594760
"Barraclough, Kyle",607457
"Cessa, Luis",570666
"De La Cruz, Joel",503444
"Overton, Dillon",592614
"Fulmer, Michael",605242
"Bracho, Silvino",611093
"Mariñez, Jhan",501697
"LeBlanc, Wade",453281
"Reed, Cody",642003
"Stephenson, Robert",596112
"Stewart, Brock",592779
"Vargas, César",570714
"Moscot, Jon",621209
"Tonkin, Michael",543859
"Doolittle, Sean",448281
"Lugo, Seth",607625
"Barnette, Tony",501817
"Blevins, Jerry",460283
"Oh, Seunghwan",493200
"Glasnow, Tyler",607192
"Bailey, Homer",456701
"Turner, Jacob",545363
"Ynoa, Gabriel",593679
"Drake, Oliver",543118
"Middleton, Keynan",641871
"Scott, Robby",582494
"Altavilla, Dan",656186
"Albers, Andrew",452027
"Neverauskas, Dovydas",596720
"Lamet, Dinelson",659275
"Covey, Dylan",592229
"Brothers, Rex",571521
"Zych, Tony",543964
"Whitley, Chase",595032
"Peralta, Wandy",593974
"Leclerc, José",600917
"O'Grady, Chris",622217
"Wheeler, Zack",554430
"Minor, Mike",501985
"Moore, Andrew",621058
"Bleier, Richard",542947
"Jackson, Luke",592426
"Fried, Max",608331
"Torres, José",600526
"Wojciechowski, Asher",592879
"Hader, Josh",623352
"Stumpf, Daniel",621385
"Bibens-Dirkx, Austin",502212
"Suter, Brent",608718
"Grace, Matt",594840
"Peters, Dillon",596071
"Arroyo, Bronson",276520
"Montas, Frankie",593423
"Rodríguez, Joely",570257
"Lively, Ben",594902
"Paulino, David",600944
"Pazos, James",572021
"Blach, Ty",621389
"Sims, Lucas",608371
"Gossett, Daniel",605254
"Barbato, Johnny",592127
"Ryu, Hyun Jin",547943
"Alvarado, José",621237
"Junis, Jakob",596001
"Valdez, César",491624
"Brebbia, John",605154
"Fulmer, Carson",608334
"Garrett, Amir",607237
"Saupold, Warwick",599683
"Steckenrider, Drew",608716
"Brady, Michael",572728
"Armstrong, Shawn",542888
"Castillo, Luis",112116
"Johnson, Brian",598271
"Pinto, Ricardo",620982
"Castro, Miguel",612434
"Peña, Félix",570240
"Mejía, Adalberto",606167
"Gaviglio, Sam",543208
"Woodruff, Brandon",605540
"Sewald, Paul",623149
"Hart, Donnie",643354
"Pivetta, Nick",601713
"Smoker, Josh",519294
"Márquez, Germán",608566
"Hoyt, James",624586
"Banda, Anthony",607455
"Edgin, Josh",572831
"García, Jarlín",606424
"Stephens, Jackson",623451
"Pagán, Emilio",641941
"Bonilla, Lisalverto",570810
"Espino, Paolo",502179
"Williams, Trevor",592866
"Tuivailala, Sam",592815
"Hernández, Ariel",554374
"Faria, Jake",607188
"Bell, Chad",518445
"Hildenberger, Trevor",657610
"Workman, Brandon",519443
"McCarthy, Kevin",641838
"De Jong, Chase",608328
"Martes, Francis",642564
"Newcomb, Sean",656794
"Flexen, Chris",623167
"Holder, Jonathan",656547
"Montgomery, Jordan",656756
"Romano, Sal",607219
"Gohara, Luiz",627894
"Okert, Steven",595345
"Busenitz, Alan",641427
"Senzatela, Antonio",622608
"Freeland, Kyle",607536
"Shackelford, Kevin",594992
"Pruitt, Austin",643493
"Milner, Hoby",571948
"Stratton, Chris",608717
"Lawrence, Casey",596271
"Strahm, Matt",621381
"Bridwell, Parker",592170
"Davis, Rookie",606959
"Crick, Kyle",605195
"Stammen, Craig",489334
"Brice, Austin",592169
"Barnes, Danny",592130
"Minaya, Juan",573668
"Montero, Rafael",606160
"Díaz, Miguel",622766
"Parker, Blake",453284
"Blackburn, Paul",621112
"Gonzales, Marco",594835
"Musgrave, Harrison",643466
"Hudson, Dakota",641712
"Holmes, Clay",605280
"Ponce de Leon, Daniel",594965
"Scott, Tanner",656945
"Jurado, Ariel",642558
"Smith, Burch",572143
"Nix, Jacob",656798
"Kittredge, Andrew",552640
"Fillmyer, Heath",641571
"Winkler, Dan",595465
"Beeks, Jalen",656222
"Moya, Gabriel",622382
"Peterson, Tim",623402
"Floro, Dylan",571670
"Rodríguez, Richard",593144
"Magill, Matt",543483
"Hess, David",605276
"Hirano, Yoshihisa",673633
"Fedde, Erick",607200
"Hernández, Elieser",622694
"Mikolas, Miles",571945
"Kolarek, Adam",592473
"Germán, Domingo",593334
"Ohtani, Shohei",660271
"Kennedy, Brett",664028
"Schultz, Jaime",621289
"Font, Wilmer",521655
"Ferguson, Caleb",657571
"Venters, Jonny",458924
"Toussaint, Touki",657053
"Kingham, Nick",592468
"Bummer, Aaron",607481
"Adam, Jason",592094
"Cole, Taylor",518566
"Koch, Matt",571863
"Smith, Caleb",592761
"Skoglund, Eric",607215
"Martin, Chris",455119
"Reininger, Zac",643617
"Santana, Edgar",650828
"Fry, Jace",605240
"Chirinos, Yonny",630023
"Farrell, Luke",608652
"Borucki, Ryan",621366
"Bashlor, Tyler",641341
"Moronta, Reyes",606625
"Flaherty, Jack",656427
"Jiménez, Joe",641729
"Valdez, Framber",664285
"Lucchesi, Joey",664192
"Oswalt, Corey",621261
"Carpenter, Ryan",543001
"Hill, Tim",657612
"Davis, Austin",819862
"Plutko, Adam",592644
"Wood, Hunter",621056
"Keller, Brad",641745
"Castillo, Diego",660636
"Hicks, Jordan",663855
"Rosario, Randy",600968
"Peralta, Freddy",642547
"Mayers, Mike",594577
"Gomber, Austin",596295
"Biddle, Jesse",592145
"Trivino, Lou",642152
"Stanek, Ryne",592773
"Mayza, Tim",641835
"Buehler, Walker",621111
"Pannone, Thomas",623381
"López, Pablo",641154
"Rucinski, Drew",607968
"Stock, Robert",476594
"Domínguez, Seranthony",622554
"Littell, Zack",641793
"Reid-Foley, Sean",656887
"Burnes, Corbin",669203
"Méndez, Yohander",622795
"Ramirez, Noé",598287
"Erlin, Robbie",572362
"Yarbrough, Ryan",642232
"Bieber, Shane",669456
"Suárez, Andrew",605498
"Loáisiga, Jonathan",642528
"Mahle, Tyler",641816
"Cimber, Adam",643256
"Smith, Drew",622098
"Castillo, José",620454
"Ríos, Yacksel",605441
"López, Jorge",605347
"Araújo, Pedro",606478
"Alcántara, Victor",622505
"Rhame, Jacob",642008
"Brasier, Ryan",518489
"Lauer, Eric",641778
"Volstad, Chris",458690
"Carle, Shane",641438
"Rodríguez, Dereck",605446
"Guerra, Javy",642770
"Lewicki, Artie",592499
"Arano, Víctor",644364
"Guerrero, Tayron",594027
"Johnson, Pierce",572955
"Suero, Wander",593833
"Yacabonis, Jimmy",642231
"McGuire, Deck",592547
"Stewart, Kohl",640464
"Anderson, Justin",605121
"Richards, Trevor",670950
"Olson, Tyler",621397
"Fry, Paul",643316
"Williams, Taylor",592865
"Romero, Fernando",622864
"Gonsalves, Stephen",624427
"Graves, Brett",605255
"Springs, Jeffrey",605488
"Sparkman, Glenn",642098
"Soroka, Michael",647336
"Ramírez, Yefry",606162
"Makita, Kazuhisa",628318
"Yamamoto, Jordan",657141
"Mills, Alec",621219
"McKay, Brendan",656713
"Gagnon, Drew",543193
"Rainey, Tanner",663432
"Webb, Jacob",657097
"Kinley, Tyler",641755
"Melville, Tim",543532
"Newberry, Jake",623470
"Jackson, Jay",543351
"Lambert, Peter",663567
"Allard, Kolby",663465
"Paddack, Chris",663978
"Payano, Pedro",622797
"Smeltzer, Devin",656970
"Gallegos, Giovanny",606149
"Dowdy, Kyle",664871
"Lockett, Walker",621141
"Webb, Tyler",643778
"Brewer, Colten",605155
"Allen, Logan",671106
"Zimmer, Kyle",622092
"Ramirez, Nick",598286
"Festa, Matt",670036
"Kline, Branden",571858
"Shafer, Justin",596101
"García, Edgar",658305
"Eshelman, Thomas",664045
"Buttrey, Ty",621142
"Agrazal, Dario",642607
"May, Dustin",669160
"Plesac, Zach",668676
"McRae, Alex",656725
"Stashak, Cody",664054
"Soto, Gregory",642397
"Gallen, Zac",668678
"Quijada, José",650671
"Hernández, Darwinzon",650382
"Alexander, Tyler",641302
"Thornton, Trent",663423
"Johnson, DJ",597113
"Swanson, Erik",657024
"Brennan, Brandon",592165
"Díaz, Jairo",545064
"Bard, Luke",572703
"Brigham, Jeff",656257
"Martin, Brett",656685
"Gonsolin, Tony",664062
"Cisnero, José",542585
"Wingenter, Trey",622259
"Young, Alex",622065
"Walden, Marcus",519393
"Shawaryn, Mike",642067
"Almonte, Yency",622075
"Anderson, Tanner",664196
"Voth, Austin",608723
"Poche, Colin",621363
"Duplantier, Jon",641541
"Phillips, Evan",623465
"Kelly, Merrill",518876
"Cordero, Jimmy",622772
"Turnbull, Spencer",605513
"Dugger, Robert",667498
"López, Yoan",661255
"Suárez, Ranger",624133
"Sandoval, Patrick",663776
"Anderson, Nick",623433
"Crichton, Stefan",592233
"Civale, Aaron",650644
"Means, John",607644
"Houser, Adrian",605288
"Wieck, Brad",623364
"Guerrieri, Taylor",605260
"Beede, Tyler",595881
"Wang, Wei-Chung",623913
"James, Josh",657624
"Irvin, Cole",608344
"Urquidy, José",664353
"Tarpley, Stephen",605501
"Anderson, Shaun",641312
"Marshall, Evan",605359
"Quantrill, Cal",615698
"Clarke, Taylor",664199
"Adams, Chance",664856
"Margevicius, Nick",676606
"Harper, Ryne",607560
"Webb, Logan",657277
"Kikuchi, Yusei",579328
"Keller, Mitch",656605
"Dobnak, Randy",677976
"Hall, Matt",664180
"Hartlieb, Geoff",664129
"Jewell, Jake",657228
"Sobotka, Chad",656977
"Taylor, Josh",657031
"Canning, Griffin",656288
"Barlow, Scott",605130
"Helsley, Ryan",664854
"Burke, Brock",656271
"Cease, Dylan",656302
"Sampson, Adrian",592716
"Luciano, Elvis",672773
"Suarez, José",660761
"McKay, David",641853
"Sheffield, Justus",656954
"Parsons, Wes",641149
"Markel, Parker",571917
"Sadzeck, Connor",592712
"Waguespack, Jacob",621097
"Ruiz, José",614179
"Coonrod, Sam",656322
"Thorpe, Lewis",626929
"Wick, Rowan",592858
"Sadler, Casey",594987
"Bubic, Kris",663460
"Bard, Daniel",453268
"Mazza, Chris",607391
"Karinchak, James",675916
"Fairbanks, Pete",664126
"Javier, Cristian",664299
"Hatch, Thomas",641672
"Oviedo, Johan",670912
"Rogers, Trevor",669432
"Sulser, Cole",642121
"Antone, Tejay",622088
"Yamaguchi, Shun",685493
"Fleming, Josh",676596
"Rogers, Tyler",643511
"Staumont, Josh",622251
"Williams, Devin",642207
"Slegers, Aaron",642083
"Scrubb, Andre",668687
"Bielak, Brandon",656232
"Dunn, Justin",643290
"Singer, Brady",663903
"Sánchez, Sixto",664350
"Kim, Kwang Hyun",547942
"Luzardo, Jesús",666200
"Akin, Keegan",669211
"Brubaker, JT",664141
"Mize, Casey",663554
"Hernández, Jonathan",642546
"Dunning, Dane",641540
"McKenzie, Triston",663474
"Peterson, David",656849
"García, Deivi",665620
"Anderson, Ian",666120
"Lindblom, Josh",458676
"Foster, Matt",641582
"Wright, Kyle",657140
"Skubal, Tarik",669373
"Castellani, Ryan",624418
"Ynoa, Huascar",660623
"Howard, Spencer",675921
"Finnegan, Kyle",640448
"Thompson, Ryan",657044
"Dolis, Rafael",503569
"Castano, Daniel",641447
"Rucker, Michael",621074
"Misiewicz, Anthony",664948
"Ober, Bailey",641927
"Weathers, Ryan",677960
"Heuer, Codi",676051
"Selman, Sam",572125
"Morgan, Eli",669212
"Ponce, Cody",664074
"Pérez, Cionel",672335
"Díaz, Yennsy",660546
"Houck, Tanner",656557
"Megill, Trevor",656730
"Garza, Justin",621057
"Watkins, Spenser",657093
"Stephan, Trevor",663986
"Pop, Zach",647315
"Neidert, Nick",663734
"Wantz, Andrew",681806
"Knehr, Reiss",663753
"Widener, Taylor",642203
"González, Victor",624647
"Nance, Tommy",667297
"Manning, Matt",666159
"Zuber, Tyler",676604
"Brentz, Jake",641394
"Gilbreath, Lucas",656458
"Gilbert, Tyler",656457
"Abreu, Albert",656061
"Campbell, Paul",111936
"Smith, Riley",642092
"Thompson, Mason",666168
"Holloway, Jordan",656548
"Ashby, Aaron",676879
"Megill, Tylor",656731
"Saucedo, Tayler",642048
"Cousins, Jake",664776
"Barlow, Joe",669618
"Wilson, Bryse",669060
"Crowe, Wil",640444
"Hendrix, Ryan",641682
"Bowden, Ben",641386
"Head, Louis",545343
"Raley, Brooks",548384
"Sheffield, Jordan",642068
"Naughton, Packy",676050
"Santillan, Tony",663574
"Doval, Camilo",666808
"Curtiss, John",595928
"Vesia, Alex",681911
"Yang, Hyeon-Jong",660365
"Abreu, Bryan",650556
"Kaprielian, James",621076
"Garcia, Luis",150193
"Zimmermann, Bruce",669145
"Garrett, Braxton",666129
"Gray, Josiah",680686
"Payamps, Joel",606303
"Cabrera, Génesis",650893
"Clay, Sam",621348
"Kranick, Max",668820
"Whitley, Kodi",676831
"Rodriguez, Chris",669735
"Whitlock, Garrett",676477
"Crochet, Garrett",676979
"Santana, Dennis",642701
"Lange, Alex",656638
"Patiño, Luis",672715
"Mears, Nick",683232
"Wells, Alex",649144
"Murphy, Patrick",641907
"Gil, Luis",661563
"Goudeau, Ashton",623485
"Gilbert, Logan",669302
"Manoah, Alek",666201
"Oviedo, Luis",665854
"Keller, Kyle",664918
"Hearn, Taylor",621368
"Rogers, Josh",642028
"Kay, Anthony",641743
"Muller, Kyle",666205
"Guenther, Sean",674944
"Ginkel, Kevin",656464
"Castro, Anthony",621593
"Falter, Bailey",663559
"Mejía, Humberto",650668
"McGowin, Kyle",641851
"Thompson, Keegan",624522
"Clase, Emmanuel",661403
"Diplán, Marcos",650959
"Romano, Jordan",605447
"de Geus, Brett",676969
"Hentges, Sam",656529
"Crismatt, Nabil",622503
"Poppen, Sean",664092
"Hernández, Carlos",672578
"Burr, Ryan",621114
"Steele, Justin",657006
"Detmers, Reid",672282
"Kremer, Dean",665152
"Evans, Demarcus",663770
"Wells, Tyler",669330
"Sandlin, Nick",680704
"Sborz, Josh",622250
"Ryan, Joe",657746
"Vest, Will",676684
"Castellanos, Humberto",528748
"White, Mitch",669952
"Bender, Anthony",669622
"Bickford, Phil",641360
"Ramírez, Yohan",670990
"Kowar, Jackson",663804
"Rasmussen, Drew",656876
"Luetge, Lucas",476595
"Tate, Dillon",622253
"Peacock, Matt",676840
"Arihara, Kohei",685503
"Ellis, Chris",595939
"De Los Santos, Enyel",660853
"Greene, Conner",641632
"Graterol, Brusdar",660813
"Bednar, David",670280
"Lowther, Zac",675912
"Jax, Griffin",643377
"Funkhouser, Kyle",608335
"Maples, Dillon",596027
"King, John",667463
"Brogdon, Connor",641401
"Barnes, Charlie",656212
"Alzolay, Adbert",640470
"Howard, Sam",607572
"Machado, Andrés",600921
"Long, Sam",669674
"Kopech, Michael",656629
"Tapia, Domingo",593619
"McClanahan, Shane",663556
"Thielbar, Caleb",573204
"Mantiply, Joe",573009
"Sawamura, Hirokazu",617228
"Poteet, Cody",547001
"Woodford, Jake",663765
"Sánchez, Miguel",667376
"Benjamin, Wes",605138
"Taylor, Blake",642130
"Garcia, Bryan",650530
"Cabrera, Edward",665795
"Thompson, Zach",605507
"Lodolo, Nick",666157
"McCarty, Kirk",668948
"Pepiot, Ryan",686752
"Gustave, Jandel",594311
"García, Rony",665621
"Uelmen, Erich",657272
"Martin, Davis",663436
"Assad, Javier",665871
"Danish, Tyler",641501
"Moreta, Dauri",664294
"Greene, Hunter",668881
"Schmidt, Clarke",657376
"Warren, Art",605521
"Castillo, Max",666721
"Bautista, Félix",642585
"Kelley, Trevor",665001
"Martin, Corbin",656686
"Thompson, Zack",668868
"Abbott, Cory",676265
"Sanmartin, Reiver",665665
"Kuhnel, Joel",669270
"Henry, Tommy",674072
"Gibaut, Ian",664139
"Sears, JP",676664
"Bruihl, Justin",677865
"Strider, Spencer",675911
"Medina, Adonis",658431
"Martinez, Adrián",661309
"Swarmer, Matt",664161
"Muñoz, Andrés",662253
"Sánchez, Cristopher",650911
"Snider, Collin",676092
"Suarez, Robert",663158
"Faedo, Alex",656412
"Lambert, Jimmy",669424
"Elder, Bryce",693821
"Jackson, Zach",667427
"Marinaccio, Ron",676760
"Bellatti, Andrew",571479
"Morris, Cody",663752
"Krehbiel, Joey",607216
"Ort, Kaleb",672391
"Ragans, Cole",666142
"Martinez, Seth",661527
"Snead, Kirby",669912
"Brazobán, Huascar",623211
"Schreiber, John",670167
"Wilson, Steven",621051
"Ortega, Oliver",661383
"Brieske, Beau",689225
"Gore, MacKenzie",669022
"Wentz, Joey",666214
"Jefferies, Daulton",641726
"Yajure, Miguel",664337
"Merryweather, Julian",657240
"Pallante, Andre",669467
"Winder, Josh",680739
"Alexander, Jason",669920
"Pilkington, Konnor",663455
"Grove, Michael",675627
"Díaz, Alexis",664747
"Hughes, Brandon",676714
"Faucher, Calvin",676534
"Jiménez, Dany",666204
"Logue, Zach",656657
"Contreras, Roansy",672710
"Davidson, Tucker",656353
"Winckowski, Josh",670174
"Mills, Wyatt",670090
"Brash, Matt",666374
"Ashcraft, Graham",668933
"Silseth, Chase",681217
"Waldichuk, Ken",686610
"Lawrence, Justin",664875
"Weems, Jordan",607179
"Coleman, Dylan",669395
"Murfee, Penn",682171
"Overton, Connor",656818
"Strzelecki, Peter",657265
"Stout, Eric",657770
"Adon, Joan",672851
"Moll, Sam",594580
"Holderman, Colin",670059
"Sands, Cole",663485
"Effross, Scott",664123
"Feltner, Ryan",663372
"Baumann, Mike",657508
"Oller, Adam",670124
"Hill, Garrett",682051
"Nelson, Kyle",669459
"Banks, Tanner",621383
"Heasley, Jonathan",669169
"De los Santos, Yerry",660787
"Lee, Dylan",669276
"Marte, Yunior",628708
"Varland, Louis",686973
"Harvey, Hunter",640451
"Nelson, Nick",656793
"Koenig, Jared",657649
"Acevedo, Domingo",642758
"Bradish, Kyle",680694
"Kirby, George",669923
"Wesneski, Hayden",669713
"Hjelle, Sean",663546
"Liberatore, Matthew",669461
"Vespi, Nick",663989
"Baz, Shane",669358
"Foley, Jason",671345
"Crawford, Kutter",676710
"Baker, Bryan",641329
"Herget, Jimmy",623474
"Bird, Jake",656234
"Bello, Brayan",678394
"Pfaadt, Brandon",694297
"Brito, Jhony",666745
"Willingham, Amos",686294
"Rom, Drew",680723
"Englert, Mason",669438
"Duarte, Daniel",650960
"Carasiti, Matt",571539
"Blanco, Ronel",669854
"Nardi, Andrew",677053
"Topa, Justin",623437
"Stone, Gavin",694813
"Harris, Hogan",663687
"Bernardino, Brennan",657514
"Mlodzinski, Carmen",669387
"Gaddis, Hunter",683769
"Varland, Gus",681402
"Ward, Thaddeus",663658
"Pearson, Nate",663878
"Curry, Xzavion",675540
"Priester, Quinn",682990
"Marsh, Alec",679525
"Abbott, Andrew",671096
"Selby, Colin",681882
"McGough, Scott",543518
"Miller, Mason",695243
"Kauffmann, Karl",666154
"Soriano, George",666277
"Headrick, Brent",687396
"Fujinami, Shintaro",660261
"Ortiz, Luis",656814
"Zerpa, Angel",672582
"La Sorsa, Joe",686747
"Speier, Gabe",642100
"Wicks, Jordan",696136
"Winn, Keaton",676775
"Erceg, Lucas",668674
"Romero, JoJo",668941
"Murphy, Chris",669684
"Peguero, Elvis",665625
"Sheehan, Emmet",686218
"Cruz, Fernando",518585
"Vásquez, Randy",681190
"Nogosek, Stephen",668665
"Llovera, Mauricio",661440
"Bradley, Taj",671737
"Woo, Bryan",693433
"Shuster, Jared",694363
"Francis, Bowden",670102
"Medina, Luis",118901
"Bido, Osvaldo",674370
"Bradford, Cody",674003
"Senga, Kodai",673540
"Cox, Austin",680735
"Jameson, Drey",686753
"Palencia, Daniel",694037
"Hamilton, Ian",641656
"Campbell, Isaiah",663462
"Hoeing, Bryan",663773
"Seabold, Connor",657756
"Nelson, Ryne",669194
"Scholtens, Jesse",669947
"Buttó, José",676130
"Dodd, Dylan",689266
"Santos, Gregory",666619
"Kerr, Ray",678061
"Williams, Gavin",668909
"Battenfield, Peyton",685410
"Soriano, José",667755
"Smith-Shawver, AJ",700363
"White, Brendan",686839
"Avila, Pedro",658648
"Cano, Yennier",666974
"Bibee, Tanner",676440
"Pérez, Eury",691587
"Jackson, Andre",656578
"Walter, Brandon",687888
"Balazovic, Jordan",666364
"Robertson, Nick",687798
"Miller, Bobby",676272
"Brown, Hunter",686613
"Kelly, Kevin",687330
"Cosgrove, Tom",676680
"Miller, Bryce",682243
"Williamson, Brandon",682227
"Holton, Tyler",663947
"Criswell, Cooper",681867
"Hollowell, Gavin",668970
"Uribe, Abner",682842
"Garcia, Robert",676395
"Bolton, Cody",675989
"Davis, Noah",663562
"Olson, Reese",681857
"Frías, Luis",666818
"Jacques, Joe",682175
"Vasquez, Andrew",607755
"Rosenberg, Kenny",670046
"Doyle, Tommy",656382
"Hartwig, Grant",701643
"Rodriguez, Grayson",680570
"Beck, Tristan",663941
"Cecconi, Slade",677944
"Winans, Allan",642216
"Anderson, Grant",681982
"Harrison, Kyle",690986
"Herrin, Tim",682120
"Waldron, Matt",663362
"Walker, Ryan",676254
"Irvin, Jake",663623
"Herget, Kevin",643361
"Rodríguez, Manuel",655889
"Black, Mason",696131
"Little, Luke",681432
"Matsui, Yuki",673513
"Dubin, Shawn",681869
"Díaz, Yilber",700270
"Kelly, Zack",677161
"Herz, DJ",687792
"Parker, Mitchell",680730
"Hancock, Emerson",676106
"Martinez, Justin",679885
"Vieira, Thyago",600986
"Estes, Joey",683155
"Booser, Cam",592155
"Chivilli, Angel",683409
"McCaughan, Darren",670766
"Arrighetti, Spencer",681293
"Brown, Ben",676962
"Miller, Erik",669062
"Myers, Tobias",668964
"Garrett, Reed",657585
"Scott, Tayler",605463
"Lovelady, Richard",663992
"Matthews, Zebby",805673
"Vodnik, Victor",680767
"Smith, Cade",671922
"Kolek, Stephen",663568
"Nicolas, Kyle",693312
"Ferguson, Tyler",621053
"Blalock, Bradley",687134
"Cronin, Declan",686539
"Funderburk, Kody",681892
"Gordon, Tanner",685299
"Leahy, Kyle",681517
"Bivens, Spencer",702352
"Meyer, Max",676974
"Knack, Landon",689017
"Aguiar, Julian",687924
"Warren, Will",701542
"Leasure, Jordan",673929
"Roycroft, Chris",688297
"Rodríguez, Yerry",666720
"Estrada, Jeremiah",669093
"Phillips, Tyler",663969
"Rodríguez, Randy",678495
"Uceta, Edwin",670955
"Garabito, Gerson",642520
"Fernandez, Ryan",681676
"Hodge, Porter",687863
"Roupp, Landen",694738
"Scott, Christian",681035
"Molina, Anthony",683627
"Joyce, Ben",690829
"Hall, DL",669084
"Stratton, Hunter",676702
"Cannon, Jonathan",686563
"Gasser, Robert",688107
"Boyle, Joe",671212
"King, Bryan",687911
"Núñez, Dedniel",673380
"Kelly, Michael",547184
"Hurter, Brant",676428
"Sammons, Bryan",676614
"Bazardo, Eduard",660825
"Latz, Jacob",656641
"Cleavinger, Garrett",664076
"McArthur, James",663704
"Otañez, Michel",671305
"Spence, Mitch",687765
"Madden, Ty",680744
"Schwellenbach, Spencer",680885
"Hanifee, Brenan",669724
"Kochanowicz, Jack",686799
"Woods Richardson, Simeon",680573
"Birdsong, Hayden",806185
"Young, Danny",277415
"Lowder, Rhett",695076
"Thorpe, Drew",689672
"Muñoz, Roddery",682610
"Crouse, Hans",668968
"Jones, Jared",683003
"Spiers, Carson",686730
"Little, Brendon",663893
"Bellozo, Valente",678368
"Imanaga, Shota",684007
"Weissert, Greg",669711
"Nastrini, Nick",680897
"Festa, David",701581
"Ellard, Fraser",686642
"Daniel, Davis",669721
"Salazar, Eduardo",674285
"Leiter, Jack",683004
"Kerkering, Orion",689147
"Skenes, Paul",694973
"Wrobleski, Justin",680736
"Slaten, Justin",686580
"Povich, Cade",700249
"Jarvis, Bryce",686826
"Holmes, Grant",656550
"Cantillo, Joey",676282
"Tyler, Kyle",667725
"Mazur, Adam",800049
"Montero, Keider",672456
"Hudson, Bryan",663542
"Yamamoto, Yoshinobu",808967
"Roberts, Ethan",681799
"Miller, Tyson",668338
"Sasaki, Roki",808963
"Dobbins, Hunter",690928
"Gusto, Ryan",687473
"Gillispie, Connor",687362
"Sugano, Tomoyuki",608372
"Jobe, Jackson",695549
"Patrick, Chad",694477
"Smith, Shane",681343
"Casparius, Ben",676508
"Burke, Sean",680732
"Vasil, Mike",678024
"Dollander, Chase",801403
"Lord, Brad",695418
"Hernandez, Jose E.",669796
"McCullers Jr., Lance",621121
"Valdez, Phillips",570488
"Velázquez, Hector",584171
"Martinez, Nick",607259
"Hoover, J.J.",543331
"Moran, Jovani",663558
"Chargois, JT",608638
"Cole, A.J.",595918
"Perdomo, Angel",672695
"Dickey, R.A.",285079
"King, Michael",650633
"Rodriguez, Wandy",434643
"Reyes Jr., Gerardo",622103
"McFarland, T.J.",519008
"Diaz, Jumbo",471822
"Ginn, J.T.",669372
"Hernandez, Roberto",433584
"Váldez, José A.",572308
"Cortes Jr., Nestor",641482
"Rodriguez, Yariel",684320
"Gutierrez, Vladimir",661269
"Marimon, Sugar Ray",516970
"Puk, A.J.",640462
"Alvarez III, Henderson",506693
"Bradford, Chasen",607473
"Mejía, J.C.",650496
"Wright Jr., Mike",605541
"Wilson, C.J.",450351
"Tinoco, Jesus",622786
"Feyereisen, J.P.",656420
"Alcantara, Sandy",645261
"Schugel, A.J.",519263
"Noesí, Hector",456051
"Alcala, Jorge",660896
"Rodriguez, Eduardo",593958
"Pérez, Oliver",424144
"Leiter Jr., Mark",643410
"Underwood Jr., Duane",621249
"Garza Jr., Ralph",621248
"Martinez, Carlos",593372
"Ramírez, JC",500724
"Gonzalez, Merandy",642571
"Duran, Jhoan",661395
"Graham, J.R.",543242
"Maton III, Phil",664208
"Rodriguez Jr., Fernando",451775
"Ross Jr., Robbie",543726
"Bowman, Matt",621199
"Baez, Michel",673258
"Morejon, Adrian",670970
"Honeywell Jr., Brent",641703
"Lynch IV, Daniel",663738
"Howell, J.P.",434442
"Alvarez, Dario",516714
"Burnett, A.J.",488751
"Rodriguez, Jefry",622446
"Castro, Simon",501563
"Alvarez, Jose",501625
"Barria, Jaime",642545
"Minter, A.J.",621345
"France, J.P.",641585
"Lakins Sr., Travis",664042
"Alexander Jr., Scott",518397
"Araujo, Elvis",542587
"Smith, Josh A.",605479
"Doubront, Felix",467094
"Garces, Frank",571057
"Edwards Jr., Carl",605218
"Happ, J.A.",457918
"Otto Jr., Glenn",657248
"Whalen, Rob",547007
"Alvarez, R.J.",571439
"Infante, Gregory",500872
"Griffin, A.J.",456167
"Simon, Alfredo",430580
"Rodriguez, Elvin",660730
"Teheran, Julio",527054
"Achter, A.J.",592091
"Colon, Bartolo",112526
"Wendelken, J.B.",605525
"Cuas, Jose",621016
"Boyd, Matthew",571510
"Ferrer, Jose A.",678606
"Volquez, Edinson",450172
